<?xml version="1.0" encoding="UTF-8"?>
<project xmlns="http://maven.apache.org/POM/4.0.0" xmlns:xsi="http://www.w3.org/2001/XMLSchema-instance" xsi:schemaLocation="http://maven.apache.org/POM/4.0.0 http://maven.apache.org/xsd/maven-4.0.0.xsd">

  <modelVersion>4.0.0</modelVersion>

  <groupId>net.coru</groupId>

  <artifactId>kloadgen</artifactId>

  <version>4.7.2</version>
  <name>KLoadGen</name>
  <description>Load Generation Jmeter plugin for Kafka Cluster. Supporting AVRO, JSON Schema schema types. Generate Artificial data base on Data specification</description>
  <url>https://corunet.github.io/kloadgen/</url>

  <licenses>
    <license>
      <name>Mozilla Public License 2.0</name>
      <url>https://github.com/corunet/kloadgen/blob/master/LICENSE</url>
      <distribution>repo</distribution>
      <comments></comments>
    </license>
  </licenses>

  <developers>
    <developer>
      <id>jegarcia</id>
      <name>Jose Enrique Garcia Maciñeiras</name>
      <email>jegarcia@corunet.com</email>
      <organization>Corunet</organization>
      <organizationUrl>https://corunet.github.io/</organizationUrl>
      <roles>
        <role>Principal Engineer</role>
        <role>Team Leader</role>
      </roles>
      <timezone>Europe/Madrid</timezone>
    </developer>
    <developer>
      <id>cmunozgomez</id>
      <name>Cesar Munoz Gomez</name>
      <email>cmunoz@corunet.com</email>
      <organization>Corunet</organization>
      <organizationUrl>https://corunet.github.io/</organizationUrl>
      <roles>
        <role>Developer</role>
      </roles>
      <timezone>Europe/Madrid</timezone>
    </developer>
    <developer>
      <id>vtorres</id>
      <name>Vanessa Torres Barca</name>
      <email>vtorres@corunet.com</email>
      <organization>Corunet</organization>
      <organizationUrl>https://corunet.github.io/</organizationUrl>
      <roles>
        <role>Junior Developer</role>
      </roles>
      <timezone>Europe/Madrid</timezone>
    </developer>
    <developer>
      <id>rivarsal</id>
      <name>Pablo José López Rivadulla</name>
      <email>plopez@corunet.com</email>
      <organization>Corunet</organization>
      <organizationUrl>https://corunet.github.io/</organizationUrl>
      <roles>
        <role>Junior Developer</role>
      </roles>
      <timezone>Europe/Madrid</timezone>
    </developer>
    <developer>
      <id>fcampostato</id>
      <name>Fernando Campos Tato</name>
      <email>fcampos@corunet.com</email>
      <organization>Corunet</organization>
      <organizationUrl>https://corunet.github.io/</organizationUrl>
      <roles>
        <role>Junior Developer</role>
      </roles>
      <timezone>Europe/Madrid</timezone>
    </developer>
    <developer>
      <id>jmejutovazquez</id>
      <name>Javier Mejuto Vázquez</name>
      <email>jmejuto@corunet.com</email>
      <organization>Corunet</organization>
      <organizationUrl>https://corunet.github.io/</organizationUrl>
      <roles>
        <role>Junior Developer</role>
      </roles>
      <timezone>Europe/Madrid</timezone>
    </developer>
    <developer>
      <id>mcabezasp</id>
      <name>Miguel Cabezas Puerto</name>
      <email>mcabezas@corunet.com</email>
      <organization>Corunet</organization>
      <organizationUrl>https://corunet.github.io/</organizationUrl>
      <roles>
        <role>Junior Developer</role>
      </roles>
      <timezone>Europe/Madrid</timezone>
    </developer>
    <developer>
      <id>irodigl</id>
      <name>Isabel Rodríguez Iglesias</name>
      <email>irodriguez@corunet.com</email>
      <organization>Corunet</organization>
      <organizationUrl>https://corunet.github.io/</organizationUrl>
      <roles>
        <role>Developer</role>
      </roles>
      <timezone>Europe/Madrid</timezone>
    </developer>
    <developer>
      <id>IsaUlloa</id>
      <name>Isabel López Ulloa</name>
      <email>ilopez@corunet.com</email>
      <organization>Corunet</organization>
      <organizationUrl>https://corunet.github.io/</organizationUrl>
      <roles>
        <role>Junior Developer</role>
      </roles>
      <timezone>Europe/Madrid</timezone>
    </developer>
    <developer>
      <id>pedror19</id>
      <name>Pedro Rodríguez Iglesias</name>
      <email>prodriguezi@corunet.com</email>
      <organization>Corunet</organization>
      <organizationUrl>https://corunet.github.io/</organizationUrl>
      <roles>
        <role>Junior Developer</role>
      </roles>
      <timezone>Europe/Madrid</timezone>
    </developer>
    <developer>
      <id>jgbriz</id>
      <name>Juan García Briz</name>
      <email>jgarciab@corunet.com</email>
      <organization>Corunet</organization>
      <organizationUrl>https://corunet.github.io/</organizationUrl>
      <roles>
        <role>Developer</role>
      </roles>
      <timezone>Europe/Madrid</timezone>
    </developer>
  </developers>

  <scm>
    <connection>scm:git:git@github.com:corunet/kloadgen.git</connection>
    <developerConnection>scm:git:git@github.com:corunet/kloadgen.git</developerConnection>
    <url>scm:git:git@github.com:corunet/kloadgen.git</url>
  </scm>

  <distributionManagement>
    <repository>
      <id>ossrh</id>
      <url>https://s01.oss.sonatype.org/service/local/staging/deploy/maven2/</url>
    </repository>
    <snapshotRepository>
      <id>ossrh</id>
      <url>https://s01.oss.sonatype.org/content/repositories/snapshots</url>
    </snapshotRepository>
  </distributionManagement>

  <properties>
    <assertj-core.version>3.22.0</assertj-core.version>
    <assertj-json.version>1.2.0</assertj-json.version>
    <avro.version>1.11.0</avro.version>
    <commons-beanutils.version>1.9.4</commons-beanutils.version>
    <commons-collections4.version>4.4</commons-collections4.version>
    <commons-lang3.version>3.12.0</commons-lang3.version>
    <gson.version>2.8.6</gson.version>
    <guava.version>31.0.1-jre</guava.version>
    <jaxb-api.version>2.4.0-b180830.0359</jaxb-api.version>
    <jdk.version>11</jdk.version>
    <jmeter.lib.scope>provided</jmeter.lib.scope>
    <jmeter.version>5.4.3</jmeter.version>
    <json-path.version>2.6.0</json-path.version>
    <junit-jupiter-api.version>5.8.2</junit-jupiter-api.version>
    <kafka-schema-registry-client.version>7.1.1</kafka-schema-registry-client.version>
    <kafka.version>3.1.0</kafka.version>
    <lombok.version>1.18.22</lombok.version>
    <minimal-json.version>0.9.5</minimal-json.version>
    <mockito-core.version>4.2.0</mockito-core.version>
    <project.build.sourceEncoding>UTF-8</project.build.sourceEncoding>
    <rest-assured.version>4.5.0</rest-assured.version>
    <slf4j-api.version>2.0.0-alpha1</slf4j-api.version>
    <wiremock-junit5.version>1.3.1</wiremock-junit5.version>
    <wiremock.version>2.32.0</wiremock.version>
  </properties>

  <dependencies>
    <dependency>
      <groupId>org.apache.jmeter</groupId>
      <artifactId>jorphan</artifactId>
      <version>${jmeter.version}</version>
      <exclusions>
        <exclusion>
          <groupId>org.slf4j</groupId>
          <artifactId>slf4j-api</artifactId>
        </exclusion>
      </exclusions>
    </dependency>
    <dependency>
      <groupId>org.apache.kafka</groupId>
      <artifactId>kafka-clients</artifactId>
      <version>${kafka.version}</version>
      <exclusions>
        <exclusion>
          <groupId>org.slf4j</groupId>
          <artifactId>slf4j-log4j12</artifactId>
        </exclusion>
        <exclusion>
          <groupId>org.slf4j</groupId>
          <artifactId>slf4j-api</artifactId>
        </exclusion>
      </exclusions>
    </dependency>
    <dependency>
      <groupId>com.google.guava</groupId>
      <artifactId>guava</artifactId>
      <version>${guava.version}</version>
    </dependency>
    <dependency>
      <groupId>com.eclipsesource.minimal-json</groupId>
      <artifactId>minimal-json</artifactId>
      <version>${minimal-json.version}</version>
    </dependency>
    <dependency>
      <groupId>org.apache.avro</groupId>
      <artifactId>avro</artifactId>
      <version>${avro.version}</version>
      <exclusions>
        <exclusion>
          <groupId>com.fasterxml.jackson.core</groupId>
          <artifactId>jackson-core</artifactId>
        </exclusion>
      </exclusions>
    </dependency>
    <dependency>
      <groupId>com.fasterxml.jackson.core</groupId>
      <artifactId>jackson-core</artifactId>
      <version>2.13.1</version>
    </dependency>
    <dependency>
      <groupId>org.projectlombok</groupId>
      <artifactId>lombok</artifactId>
      <version>${lombok.version}</version>
      <scope>provided</scope>
    </dependency>
    <dependency>
      <groupId>org.apache.commons</groupId>
      <artifactId>commons-lang3</artifactId>
      <version>${commons-lang3.version}</version>
    </dependency>
    <dependency>
      <groupId>io.confluent</groupId>
      <artifactId>kafka-schema-registry-client</artifactId>
      <version>${kafka-schema-registry-client.version}</version>
    </dependency>
    <dependency>
      <groupId>io.confluent</groupId>
      <artifactId>kafka-avro-serializer</artifactId>
      <version>${kafka-schema-registry-client.version}</version>
    </dependency>
    <dependency>
      <groupId>io.confluent</groupId>
      <artifactId>kafka-json-serializer</artifactId>
      <version>${kafka-schema-registry-client.version}</version>
    </dependency>
    <dependency>
      <groupId>io.confluent</groupId>
      <artifactId>kafka-json-schema-provider</artifactId>
      <version>${kafka-schema-registry-client.version}</version>
    </dependency>
    <dependency>
      <groupId>io.confluent</groupId>
      <artifactId>kafka-protobuf-serializer</artifactId>
      <version>${kafka-schema-registry-client.version}</version>
    </dependency>
    <dependency>
      <groupId>org.apache.avro</groupId>
      <artifactId>avro-protobuf</artifactId>
      <version>1.11.0</version>
    </dependency>
    <dependency>
      <groupId>com.github.os72</groupId>
      <artifactId>protobuf-dynamic</artifactId>
      <version>1.0.1</version>
    </dependency>
    <dependency>
      <groupId>com.squareup.wire</groupId>
      <artifactId>wire-java-generator</artifactId>
      <version>4.0.1</version>
      <scope>runtime</scope>
    </dependency>
    <dependency>
      <groupId>org.slf4j</groupId>
      <artifactId>slf4j-api</artifactId>
      <version>${slf4j-api.version}</version>
    </dependency>
    <dependency>
      <groupId>org.apache.commons</groupId>
      <artifactId>commons-collections4</artifactId>
      <version>${commons-collections4.version}</version>
    </dependency>
    <dependency>
      <groupId>commons-cli</groupId>
      <artifactId>commons-cli</artifactId>
      <version>1.5.0</version>
    </dependency>
    <dependency>
      <groupId>com.github.curious-odd-man</groupId>
      <artifactId>rgxgen</artifactId>
      <version>1.3</version>
    </dependency>
    <dependency>
      <groupId>org.reflections</groupId>
      <artifactId>reflections</artifactId>
      <version>0.10.2</version>
    </dependency>
    <dependency>
      <groupId>com.github.everit-org.json-schema</groupId>
      <artifactId>org.everit.json.schema</artifactId>
      <version>1.14.0</version>
    </dependency>
    <!-- Options -->
    <dependency>
      <groupId>com.github.charithe</groupId>
      <artifactId>kafka-junit</artifactId>
      <version>4.2.0</version>
      <scope>test</scope>
    </dependency>
    <dependency>
      <groupId>org.apache.kafka</groupId>
      <artifactId>kafka_2.13</artifactId>
      <version>${kafka.version}</version>
      <classifier>test</classifier>
      <scope>test</scope>
      <exclusions>
        <exclusion>
          <groupId>org.slf4j</groupId>
          <artifactId>slf4j-log4j12</artifactId>
        </exclusion>
      </exclusions>
    </dependency>
    <dependency>
      <groupId>org.junit.jupiter</groupId>
      <artifactId>junit-jupiter-api</artifactId>
      <version>${junit-jupiter-api.version}</version>
      <scope>test</scope>
    </dependency>
    <dependency>
      <groupId>org.assertj</groupId>
      <artifactId>assertj-core</artifactId>
      <version>${assertj-core.version}</version>
      <scope>test</scope>
    </dependency>
    <dependency>
      <groupId>com.revinate</groupId>
      <artifactId>assertj-json</artifactId>
      <version>${assertj-json.version}</version>
      <scope>test</scope>
    </dependency>
    <dependency>
      <groupId>com.jayway.jsonpath</groupId>
      <artifactId>json-path</artifactId>
      <version>${json-path.version}</version>
      <scope>compile</scope>
    </dependency>
    <dependency>
      <groupId>org.mockito</groupId>
      <artifactId>mockito-core</artifactId>
      <version>${mockito-core.version}</version>
      <scope>test</scope>
    </dependency>
    <dependency>
      <groupId>org.mockito</groupId>
      <artifactId>mockito-junit-jupiter</artifactId>
      <version>${mockito-core.version}</version>
      <scope>test</scope>
    </dependency>
    <dependency>
      <groupId>commons-beanutils</groupId>
      <artifactId>commons-beanutils</artifactId>
      <version>${commons-beanutils.version}</version>
      <scope>test</scope>
    </dependency>
    <dependency>
      <groupId>com.github.tomakehurst</groupId>
      <artifactId>wiremock-jre8</artifactId>
      <version>${wiremock.version}</version>
      <scope>test</scope>
    </dependency>
    <dependency>
      <groupId>ru.lanwen.wiremock</groupId>
      <artifactId>wiremock-junit5</artifactId>
      <version>${wiremock-junit5.version}</version>
    </dependency>
    <dependency>
      <groupId>io.rest-assured</groupId>
      <artifactId>rest-assured</artifactId>
      <version>${rest-assured.version}</version>
      <scope>test</scope>
    </dependency>
    <dependency>
      <groupId>javax.xml.bind</groupId>
      <artifactId>jaxb-api</artifactId>
      <version>${jaxb-api.version}</version>
      <scope>compile</scope>
    </dependency>
    <dependency>
      <groupId>org.junit.jupiter</groupId>
      <artifactId>junit-jupiter-params</artifactId>
      <version>${junit-jupiter-api.version}</version>
      <scope>test</scope>
    </dependency>
    <dependency>
      <groupId>org.junit.jupiter</groupId>
      <artifactId>junit-jupiter-engine</artifactId>
      <version>${junit-jupiter-api.version}</version>
      <scope>test</scope>
    </dependency>
  </dependencies>

  <repositories>
    <repository>
      <id>confluent</id>
      <url>https://packages.confluent.io/maven/</url>
    </repository>
    <repository>
      <id>jitpack.io</id>
      <url>https://jitpack.io</url>
    </repository>
  </repositories>

  <build>
    <resources>
      <resource>
        <directory>src/main/resources</directory>
        <includes>
          <include>**/*.properties</include>
          <include>**/*.tpl</include>
        </includes>
      </resource>
    </resources>
    <plugins>
      <plugin>
        <groupId>com.github.ekryd.sortpom</groupId>
        <artifactId>sortpom-maven-plugin</artifactId>
        <version>3.0.0</version>
        <executions>
          <execution>
            <goals>
              <goal>sort</goal>
            </goals>
            <phase>verify</phase>
          </execution>
        </executions>
      </plugin>
      <plugin>
        <groupId>org.apache.maven.plugins</groupId>
        <artifactId>maven-compiler-plugin</artifactId>
        <version>3.6.0</version>
        <configuration>
          <optimize>true</optimize>
          <showDeprecation>true</showDeprecation>
          <showWarnings>true</showWarnings>
          <source>${jdk.version}</source>
          <target>${jdk.version}</target>
        </configuration>
      </plugin>
      <plugin>
        <groupId>org.apache.maven.plugins</groupId>
        <artifactId>maven-source-plugin</artifactId>
        <version>3.2.1</version>
        <executions>
          <execution>
            <id>attach-sources</id>
            <goals>
              <goal>jar</goal>
            </goals>
          </execution>
        </executions>
      </plugin>
      <plugin>
        <groupId>org.apache.maven.plugins</groupId>
        <artifactId>maven-javadoc-plugin</artifactId>
        <version>3.3.2</version>
        <executions>
          <execution>
            <id>attach-javadocs</id>
            <goals>
              <goal>jar</goal>
            </goals>
          </execution>
        </executions>
      </plugin>
      <plugin>
        <groupId>org.eluder.coveralls</groupId>
        <artifactId>coveralls-maven-plugin</artifactId>
        <version>4.3.0</version>
      </plugin>
      <plugin>
        <groupId>org.codehaus.mojo</groupId>
        <artifactId>cobertura-maven-plugin</artifactId>
        <version>2.7</version>
        <configuration>
          <check></check>
          <formats>
            <format>xml</format>
          </formats>
          <instrumentation>
            <ignoreTrivial>true</ignoreTrivial>
          </instrumentation>
          <quiet>true</quiet>
        </configuration>
        <executions>
          <execution>
            <goals>
              <goal>cobertura</goal>
            </goals>
          </execution>
        </executions>
      </plugin>
      <plugin>
        <groupId>org.apache.maven.plugins</groupId>
        <artifactId>maven-surefire-plugin</artifactId>
        <version>2.22.2</version>
      </plugin>
      <plugin>
        <groupId>org.sonatype.plugins</groupId>
        <artifactId>nexus-staging-maven-plugin</artifactId>
        <version>1.6.8</version>
        <extensions>true</extensions>
        <configuration>
          <serverId>ossrh</serverId>
          <nexusUrl>https://s01.oss.sonatype.org/</nexusUrl>
          <autoReleaseAfterClose>true</autoReleaseAfterClose>
        </configuration>
      </plugin>
      <plugin>
        <groupId>org.apache.maven.plugins</groupId>
        <artifactId>maven-gpg-plugin</artifactId>
        <version>1.6</version>
        <executions>
          <execution>
            <id>sign-artifacts</id>
            <goals>
              <goal>sign</goal>
            </goals>
            <phase>verify</phase>
            <configuration>
              <gpgArguments>
                <arg>--pinentry-mode</arg>
                <arg>loopback</arg>
              </gpgArguments>
            </configuration>
          </execution>
        </executions>
      </plugin>
    </plugins>
  </build>
  <profiles>
    <profile>
      <id>plugin</id>
      <activation>
        <activeByDefault>true</activeByDefault>
      </activation>
      <properties>
        <lane>plugin</lane>
      </properties>
      <dependencies>
        <dependency>
          <groupId>org.apache.jmeter</groupId>
          <artifactId>ApacheJMeter_java</artifactId>
          <version>${jmeter.version}</version>
          <scope>provided</scope>
          <exclusions>
            <exclusion>
              <groupId>org.apache.jmeter</groupId>
              <artifactId>jorphan</artifactId>
            </exclusion>
            <exclusion>
              <groupId>org.apache.logging.log4j</groupId>
              <artifactId>log4j-slf4j-impl</artifactId>
            </exclusion>
            <exclusion>
              <groupId>org.apache.logging.log4j</groupId>
              <artifactId>log4j-api</artifactId>
            </exclusion>
            <exclusion>
              <groupId>org.apache.logging.log4j</groupId>
              <artifactId>log4j-core</artifactId>
            </exclusion>
            <exclusion>
              <groupId>org.apache.logging.log4j</groupId>
              <artifactId>log4j-1.2-api</artifactId>
            </exclusion>
          </exclusions>
        </dependency>
        <dependency>
          <groupId>org.slf4j</groupId>
          <artifactId>slf4j-jdk14</artifactId>
          <version>${slf4j-api.version}</version>
          <scope>provided</scope>
        </dependency>
      </dependencies>

      <build>
        <plugins>
          <plugin>
            <groupId>org.apache.maven.plugins</groupId>
            <artifactId>maven-shade-plugin</artifactId>
            <version>2.4.2</version>
            <configuration>
              <filters>
                <filter>
                  <excludes>
                    <exclude>org/apache/jmeter/jmeter.properties</exclude>
                  </excludes>
                </filter>
              </filters>
              <finalName>${project.artifactId}-${project.version}</finalName>
              <shadedArtifactAttached>false</shadedArtifactAttached>
            </configuration>
            <executions>
              <execution>
                <goals>
                  <goal>shade</goal>
                </goals>
                <phase>package</phase>
              </execution>
            </executions>
          </plugin>
        </plugins>
      </build>
    </profile>
    <profile>
      <id>standalone</id>
      <properties>
        <lane>standalone</lane>
      </properties>
      <dependencies>
        <dependency>
          <groupId>org.apache.jmeter</groupId>
          <artifactId>ApacheJMeter_java</artifactId>
          <version>${jmeter.version}</version>
          <exclusions>
            <exclusion>
              <groupId>org.apache.jmeter</groupId>
              <artifactId>jorphan</artifactId>
            </exclusion>
            <exclusion>
              <groupId>org.apache.logging.log4j</groupId>
              <artifactId>log4j-slf4j-impl</artifactId>
            </exclusion>
            <exclusion>
              <groupId>org.apache.logging.log4j</groupId>
              <artifactId>log4j-api</artifactId>
            </exclusion>
            <exclusion>
              <groupId>org.apache.logging.log4j</groupId>
              <artifactId>log4j-core</artifactId>
            </exclusion>
            <exclusion>
              <groupId>org.apache.logging.log4j</groupId>
              <artifactId>log4j-1.2-api</artifactId>
            </exclusion>
          </exclusions>
        </dependency>
        <dependency>
          <groupId>org.apache.jmeter</groupId>
          <artifactId>ApacheJMeter_components</artifactId>
          <version>${jmeter.version}</version>
        </dependency>
        <dependency>
          <groupId>org.apache.jmeter</groupId>
          <artifactId>ApacheJMeter_http</artifactId>
          <version>${jmeter.version}</version>
        </dependency>
        <dependency>
          <groupId>org.apache.jmeter</groupId>
          <artifactId>ApacheJMeter_config</artifactId>
          <version>${jmeter.version}</version>
        </dependency>
        <dependency>
          <groupId>org.apache.jmeter</groupId>
          <artifactId>ApacheJMeter_functions</artifactId>
          <version>${jmeter.version}</version>
        </dependency>
        <dependency>
          <groupId>org.apache.jmeter</groupId>
          <artifactId>ApacheJMeter_mail</artifactId>
          <version>${jmeter.version}</version>
        </dependency>
        <dependency>
          <groupId>org.apache.jmeter</groupId>
          <artifactId>ApacheJMeter_jdbc</artifactId>
          <version>${jmeter.version}</version>
        </dependency>
        <dependency>
          <groupId>org.slf4j</groupId>
          <artifactId>slf4j-jdk14</artifactId>
          <version>${slf4j-api.version}</version>
        </dependency>
        <dependency>
          <groupId>org.slf4j</groupId>
          <artifactId>slf4j-log4j12</artifactId>
          <version>${slf4j-api.version}</version>
        </dependency>
      </dependencies>
      <build>
        <resources>
          <resource>
            <directory>src/main/resources</directory>
          </resource>
        </resources>
        <plugins>
          <plugin>
            <groupId>org.apache.maven.plugins</groupId>
            <artifactId>maven-shade-plugin</artifactId>
            <executions>
              <execution>
                <goals>
                  <goal>shade</goal>
                </goals>
                <phase>package</phase>
                <configuration>
                  <filters>
                    <filter>
                      <artifact>*:*</artifact>
                      <excludes>
                        <exclude>META-INF/*.SF</exclude>
                        <exclude>META-INF/*.DSA</exclude>
                        <exclude>META-INF/*.RSA</exclude>
                      </excludes>
                    </filter>
                  </filters>
                  <finalName>${lane}</finalName>
                  <shadedArtifactAttached>true</shadedArtifactAttached>
                  <transformers>
                    <transformer implementation="org.apache.maven.plugins.shade.resource.ManifestResourceTransformer">
                      <mainClass>net.coru.kloadgen.KLoadGenStandalone</mainClass>
                    </transformer>
                  </transformers>
                </configuration>
              </execution>
            </executions>
          </plugin>
        </plugins>
      </build>
    </profile>
  </profiles>

</project>
